checkpoint,au,eval_dataset,tag,pcc,icc,mae,n
grid_mamba_wavlm.pt,AU10,GRID,NATIVE,0.45165814093765655,0.4417864680290222,0.2717519700527191,191198
grid_mamba_wavlm.pt,AU10,IEMOCAP,cross-domain,-0.03650996360265808,-0.026338821277022362,0.6250730156898499,38453
grid_mamba_wavlm.pt,AU10,HDTF,cross-domain,0.09287714370244635,0.053104642778635025,0.7409057021141052,123300
grid_mamba_wavlm.pt,AU10,CREMAD,cross-domain,0.140865820715739,0.08323173969984055,0.6217759251594543,53423
grid_mamba_wavlm.pt,AU10,RAVDESS,cross-domain,0.18268656519397156,0.0893859788775444,0.7721621990203857,21594
grid_mamba_wavlm.pt,AU25,GRID,NATIVE,0.695518046161757,0.6954981684684753,0.3333629369735718,191198
grid_mamba_wavlm.pt,AU25,IEMOCAP,cross-domain,0.2042714896113241,0.19547675549983978,0.5326653718948364,38453
grid_mamba_wavlm.pt,AU25,HDTF,cross-domain,0.2540698334337666,0.21455641090869904,0.48576563596725464,123300
grid_mamba_wavlm.pt,AU25,CREMAD,cross-domain,0.49026207452311793,0.41910651326179504,0.47609737515449524,53423
grid_mamba_wavlm.pt,AU25,RAVDESS,cross-domain,0.3184231529949511,0.24989071488380432,0.6172655820846558,21594
grid_tcn_wavlm.pt,AU26,GRID,NATIVE,0.6810166399910691,0.6639314293861389,0.25767940282821655,191198
grid_tcn_wavlm.pt,AU26,IEMOCAP,cross-domain,0.16936514038796896,0.16814333200454712,0.4047660827636719,38453
grid_tcn_wavlm.pt,AU26,HDTF,cross-domain,0.29694757087006013,0.2558342218399048,0.44171276688575745,123300
grid_tcn_wavlm.pt,AU26,CREMAD,cross-domain,0.5163025807669427,0.43300777673721313,0.41054466366767883,53423
grid_tcn_wavlm.pt,AU26,RAVDESS,cross-domain,0.40717199790686087,0.3024931252002716,0.4878159463405609,21594
cremad_mamba_wavlm.pt,AU12,GRID,cross-domain,0.14876358384650756,0.0825352594256401,0.08901132643222809,191198
cremad_mamba_wavlm.pt,AU12,IEMOCAP,cross-domain,0.32535748554883975,0.3231230080127716,0.5951530933380127,38453
cremad_mamba_wavlm.pt,AU12,HDTF,cross-domain,0.23995308654274872,0.2254432737827301,0.40588217973709106,123300
cremad_mamba_wavlm.pt,AU12,CREMAD,NATIVE,0.5430343452939838,0.4235418140888214,0.3997899889945984,53423
cremad_mamba_wavlm.pt,AU12,RAVDESS,cross-domain,0.17076490601511515,0.12460893392562866,0.6342323422431946,21594
cremad_mamba_wavlm.pt,AU14,GRID,cross-domain,-0.011858396922162123,-0.010708806104958057,0.11530165374279022,191198
cremad_mamba_wavlm.pt,AU14,IEMOCAP,cross-domain,0.2060029282665425,0.20172004401683807,0.39366215467453003,38453
cremad_mamba_wavlm.pt,AU14,HDTF,cross-domain,0.25976281088431163,0.21979312598705292,0.4296421706676483,123300
cremad_mamba_wavlm.pt,AU14,CREMAD,NATIVE,0.4708124601817296,0.366489976644516,0.3466837704181671,53423
cremad_mamba_wavlm.pt,AU14,RAVDESS,cross-domain,0.12877506616941092,0.08516580611467361,0.624735414981842,21594
cremad_cause_rnn_wavlm.pt,AU17,GRID,cross-domain,0.23361069683087182,0.18170961737632751,0.2960559129714966,191198
cremad_cause_rnn_wavlm.pt,AU17,IEMOCAP,cross-domain,0.07379947205118825,0.06076383963227272,0.4012010395526886,38453
cremad_cause_rnn_wavlm.pt,AU17,HDTF,cross-domain,0.24543758766724774,0.2218879908323288,0.3576804995536804,123300
cremad_cause_rnn_wavlm.pt,AU17,CREMAD,NATIVE,0.586218707600011,0.5018227100372314,0.29550179839134216,53423
cremad_cause_rnn_wavlm.pt,AU17,RAVDESS,cross-domain,0.1517092999085317,0.12722307443618774,0.39018651843070984,21594
cremad_cause_rnn_wavlm.pt,AU23,GRID,cross-domain,0.24790329940236178,0.09281507879495621,0.09466647356748581,191198
cremad_cause_rnn_wavlm.pt,AU23,IEMOCAP,cross-domain,0.07548916955179039,0.054877109825611115,0.07306770235300064,38453
cremad_cause_rnn_wavlm.pt,AU23,HDTF,cross-domain,0.14175042036326918,0.06401151418685913,0.15077175199985504,123300
cremad_cause_rnn_wavlm.pt,AU23,CREMAD,NATIVE,0.4925333429100345,0.33504045009613037,0.10144449770450592,53423
cremad_cause_rnn_wavlm.pt,AU23,RAVDESS,cross-domain,0.040208165978264855,0.014928962104022503,0.14854291081428528,21594
